plant,Genotype,WaterCondition,Temperature
1,WT,Normal,32
2,WT,Normal,31.9
3,WT,Normal,31
4,WT,Normal,31.6
5,WT,Normal,33.5
6,WT,Normal,32.1
7,WT,Normal,30
8,WT,Normal,32.7
9,mutant,Normal,30
10,mutant,Normal,33
11,mutant,Normal,31.5
12,mutant,Normal,31
13,mutant,Normal,33
14,mutant,Normal,32.4
15,mutant,Normal,33.7
16,mutant,Normal,32
17,WT,Drought,36.4
18,WT,Drought,35.8
19,WT,Drought,39.8
20,WT,Drought,39.8
21,WT,Drought,39.6
22,WT,Drought,37.2
23,WT,Drought,38.1
24,WT,Drought,42
25,mutant,Drought,33.6
26,mutant,Drought,31
27,mutant,Drought,31.7
28,mutant,Drought,32.9
29,mutant,Drought,30.9
30,mutant,Drought,34.7
31,mutant,Drought,29.8
32,mutant,Drought,28.9
